class_code,course_code,crn,class_size
ACTG 221 - 01,ACTG 221,01,34
ACTG 240 - 01,ACTG 240,01,63
ACTG 243 - 01,ACTG 243,01,58
ACTG 243 - 02,ACTG 243,02,30
ACTG 360 - 01,ACTG 360,01,30
ACTG 381 - 01,ACTG 381,01,17
ACTG 382 - 01,ACTG 382,01,19
ACTG 498 - 01,ACTG 498,01,8
BUS 101 - E1,BUS 101,E1,95
BUS 214 - 01,BUS 214,01,20
BUS 214 - 02,BUS 214,02,19
BUS 301 - 01,BUS 301,01,56
BUS 301 - 02,BUS 301,02,39
BUS 303 - 01,BUS 303,01,74
BUS 314 - 01,BUS 314,01,63
BUS 314 - HNRS,BUS 314,HNRS,5
BUS 328 - 01,BUS 328,01,70
BUS 328 - 02,BUS 328,02,70
BUS 328 - HNRS,BUS 328,HNRS,5
BUS 332 - 01,BUS 332,01,65
BUS 332 - 02,BUS 332,02,56
BUS 332 - HNRS,BUS 332,HNRS,5
BUS 345 - 01,BUS 345,01,39
BUS 345 - 02,BUS 345,02,31
BUS 357 - 01,BUS 357,01,39
BUS 357 - HNRS,BUS 357,HNRS,5
BUS 359 - 01,BUS 359,01,66
BUS 378 - 01,BUS 378,01,72
BUS 381 - 01,BUS 381,01,11
BUS 381 - HNRS,BUS 381,HNRS,1
BUS 450 - 01,BUS 450,01,72
BUS 496 - 01,BUS 496,01,58
BUS 496 - 02,BUS 496,02,52
COMS 101 - E1,COMS 101,E1,28
COMS 101 - V1,COMS 101,V1,13
DSCI 261 - E1,DSCI 261,E1,12
DSCI 363 - 01,DSCI 363,01,4
DSCI 462 - 01,DSCI 462,01,3
EBS 405 - 01,EBS 405,01,31
ECO 204 - 01,ECO 204,01,34
ECO 204 - 02,ECO 204,02,38
ECO 205 - 01,ECO 205,01,18
ECO 205 - 02,ECO 205,02,38
ECO 352 - 01,ECO 352,01,8
ECON 121 - 01,ECON 121,01,8
ECON 221 - 01,ECON 221,01,8
ECON 222 - 01,ECON 222,01,
ECON 224 - 01,ECON 224,01,7
ECON 225 - 01,ECON 225,01,
ECON 231 - 01,ECON 231,01,4
ECON 233 - 01,ECON 233,01,2
ECON 241 - 01,ECON 241,01,9
ECON 331 - 01,ECON 331,01,
ECON 332 - 01,ECON 332,01,2
ECON 333 - 01,ECON 333,01,8
ECON 334 - 01,ECON 334,01,
ECON 335 - 01,ECON 335,01,3
ECON 342 - 01,ECON 342,01,
ECON 343 - 01,ECON 343,01,3
FIN 239 - E1,FIN 239,E1,8
FIN 443 - 01,FIN 443,01,8
FIN 449 - 01,FIN 449,01,9
FIN 465 - 01,FIN 465,01,15
HMGT 213 - 01,HMGT 213,01,20
HMGT 358 - 01,HMGT 358,01,4
HMGT 361 - 01,HMGT 361,01,7
HMGT 401 - 01,HMGT 401,01,7
HRM 351 - 01,HRM 351,01,12
HRM 447 - 01,HRM 447,01,6
HRM 471 - 01,HRM 471,01,14
HRM 491 - 01,HRM 491,01,9
HRM 493 - 01,HRM 493,01,14
IEPS 100 - E1,IEPS 100,E1,10
IEPS 360 - 01,IEPS 360,01,28
IEPS 361 - 01,IEPS 361,01,49
IEPS 371 - 01,IEPS 371,01,19
INFO 101 - E1,INFO 101,E1,27
INFO 101 - E2,INFO 101,E2,30
INFO 101 - E3,INFO 101,E3,16
INFO 105 - 01,INFO 105,01,13
INFO 106 - E1,INFO 106,E1,29
INFO 106 - E2,INFO 106,E2,30
INFO 106 - E3,INFO 106,E3,30
IREL 101 - E1,IREL 101,E1,8
LNGS-J101 - E1,LNGS-J101,E1,4
LNGS-J102 - E1,LNGS-J102,E1,6
LNGS-K101 - E1,LNGS-K101,E1,3
LNGS-K103 - E1,LNGS-K103,E1,14
MATH 105 - 01,MATH 105,01,8
MGMT 216 - 01,MGMT 216,01,11
MGMT 291 - E1,MGMT 291,E1,49
MGMT 440 - HNRS,MGMT 440,HNRS,17
MIS 301 - 01,MIS 301,01,7
MIS 302 - 01,MIS 302,01,30
MIS 311 - 01,MIS 311,01,29
MIS 315 - 01,MIS 315,01,4
MIS 354 - 01,MIS 354,01,3
MIS 392 - 01,MIS 392,01,5
MIS 446 - 01,MIS 446,01,9
MIS 451 - 01,MIS 451,01,6
MIS 454 - 01,MIS 454,01,2
MKTG 336 - 01,MKTG 336,01,36
MKTG 420 - 01,MKTG 420,01,44
MKTG 452 - 01,MKTG 452,01,43
MKTG 460 - 01,MKTG 460,01,14
MKTG 461 - 01,MKTG 461,01,31
MKTG 462 - 01,MKTG 462,01,18
MKTG 463 - 01,MKTG 463,01,8
MKTG 466 - 01,MKTG 466,01,9
MKTG 467 - 01,MKTG 467,01,14
MTH 171 - E1,MTH 171,E1,44
MTH 171 - E2,MTH 171,E2,41
MUSI 110 - V1,MUSI 110,V1,40
MUSI 203 - 01,MUSI 203,01,40
MUSI 204 - 01,MUSI 204,01,40
MUSI 205 - 01,MUSI 205,01,39
PHL 255 - E1,PHL 255,E1,18
SCLM 429 - 01,SCLM 429,01,42
SCLM 439 - 01,SCLM 439,01,32
SCLM 449 - 01,SCLM 449,01,57
SCLM 450 - 01,SCLM 450,01,74
SCLM 454 - 01,SCLM 454,01,21
SCLM 459 - 01,SCLM 459,01,60
SCLM 479 - 01,SCLM 479,01,34
SCLM 479 - 02,SCLM 479,02,15
SPCH 201 - 01,SPCH 201,01,32
STA 228 - 01,STA 228,01,13
STA 228 - 02,STA 228,02,46
STAT 101 - E1,STAT 101,E1,9
STAT 101 - V1,STAT 101,V1,71
STAT 202 - E1,STAT 202,E1,5
UNIV 111 - E1,UNIV 111,E1,43
UNIV 111 - E2,UNIV 111,E2,41
UNIV 112 - E1,UNIV 112,E1,44
UNIV 112 - E2,UNIV 112,E2,15
UNIV 226 - E1,UNIV 226,E1,26
UNIV 226 - E2,UNIV 226,E2,73
WRT 122 - E1,WRT 122,E1,39
WRT 122 - E2,WRT 122,E2,50
WRT 187 - E1,WRT 187,E1,43
WRT 209 - 01,WRT 209,01,70
