period_id,schedule_id,start_date,end_date
1,1,2025-10-06,2025-11-08
2,2,2025-10-06,2025-11-29
3,2,2025-12-08,2025-12-13
4,3,2025-12-01,2025-12-06
5,4,2025-12-01,2025-12-06
6,5,2025-10-06,2025-11-29
7,5,2025-12-08,2025-12-13
8,6,2025-12-01,2025-12-06
9,7,2025-12-01,2025-12-06
10,8,2025-10-06,2025-11-29
11,8,2025-12-08,2025-12-13
12,9,2025-12-01,2025-12-06
13,10,2025-12-01,2025-12-06
14,11,2025-10-06,2025-11-29
15,11,2025-12-08,2025-12-13
16,12,2025-12-01,2025-12-06
17,13,2025-12-01,2025-12-06
18,14,2025-10-06,2025-11-08
19,15,2025-11-10,2025-11-29
20,15,2025-12-08,2025-12-13
21,16,2025-12-01,2025-12-06
22,17,2025-10-06,2025-11-29
23,17,2025-12-08,2025-12-13
24,18,2025-12-01,2025-12-06
25,19,2025-12-01,2025-12-06
26,20,2025-10-06,2025-11-29
27,20,2025-12-08,2025-12-13
28,21,2025-12-01,2025-12-06
29,22,2025-10-13,2025-10-18
30,23,2025-10-27,2025-11-01
31,24,2025-11-24,2025-11-29
32,25,2025-10-20,2025-10-25
33,26,2025-11-03,2025-11-08
34,27,2025-12-01,2025-12-06
35,28,2025-12-08,2025-12-13
36,29,2025-11-10,2025-11-15
37,30,2025-10-06,2025-10-11
38,31,2025-10-06,2025-10-11
39,32,2025-10-13,2025-10-18
40,33,2025-11-17,2025-11-22
41,34,2025-11-10,2025-11-15
42,35,2025-11-03,2025-11-08
43,36,2025-11-10,2025-12-13
44,37,2025-10-06,2025-11-08
45,38,2025-10-06,2025-11-08
46,39,2025-11-10,2025-12-13
47,40,2025-10-06,2025-11-08
48,41,2025-11-10,2025-12-13
49,42,2025-10-06,2025-11-08
50,43,2025-11-10,2025-12-13
51,44,2025-11-10,2025-12-13
52,45,2025-10-06,2025-11-08
53,46,2025-10-06,2025-12-13
54,47,2025-10-06,2025-12-13
55,48,2025-10-06,2025-12-13
56,49,2025-10-06,2025-12-13
57,50,2025-11-10,2025-12-13
58,51,2025-10-06,2025-11-08
59,52,2025-10-06,2025-12-13
60,53,2025-10-06,2025-12-13
61,54,2025-10-06,2025-12-13
62,55,2025-10-06,2025-12-13
63,56,2025-10-06,2025-12-13
64,57,2025-10-06,2025-12-13
65,58,2025-10-06,2025-12-13
66,59,2025-10-06,2025-12-13
67,60,2025-10-06,2025-12-13
68,61,2025-10-06,2025-12-13
69,62,2025-10-06,2025-12-13
70,63,2025-10-06,2025-12-13
71,64,2025-10-06,2025-12-13
72,65,2025-10-06,2025-12-13
73,66,2025-10-06,2025-12-13
74,67,2025-10-06,2025-12-13
75,68,2025-10-06,2025-12-13
76,69,2025-10-06,2025-12-13
77,70,2025-10-06,2025-12-13
78,71,2025-10-06,2025-12-13
79,72,2025-10-06,2025-12-13
80,73,2025-10-06,2025-12-13
81,74,2025-10-06,2025-12-13
82,75,2025-10-06,2025-12-13
83,76,2025-10-06,2025-12-13
84,77,2025-10-06,2025-12-13
85,78,2025-10-06,2025-12-13
86,79,2025-10-06,2025-12-13
87,80,2025-10-06,2025-12-13
88,81,2025-10-06,2025-12-13
89,82,2025-11-24,2025-12-13
90,83,2025-11-03,2025-11-22
91,84,2025-10-06,2025-11-01
92,85,2025-10-06,2025-12-13
93,86,2025-10-06,2025-12-13
94,87,2025-10-06,2025-12-13
95,88,2025-10-06,2025-12-13
96,89,2025-10-06,2025-12-13
97,90,2025-10-06,2025-12-13
98,91,2025-10-06,2025-12-13
99,92,2025-10-06,2025-12-13
100,93,2025-10-06,2025-12-13
101,94,2025-10-06,2025-12-13
102,95,2025-10-06,2025-12-13
103,96,2025-10-06,2025-12-13
104,97,2025-10-06,2025-12-13
105,98,2025-10-06,2025-12-13
106,99,2025-10-06,2025-12-13
107,100,2025-10-06,2025-12-13
108,101,2025-10-06,2025-12-13
109,102,2025-10-06,2025-12-13
110,103,2025-10-06,2025-12-13
111,104,2025-10-06,2025-12-13
112,105,2025-10-06,2025-12-13
113,106,2025-10-06,2025-12-13
114,107,2025-10-06,2025-12-13
115,108,2025-10-06,2025-11-08
116,109,2025-11-10,2025-12-13
117,110,2025-10-06,2025-12-13
118,111,2025-10-06,2025-12-13
119,112,2025-10-06,2025-12-13
120,113,2025-10-06,2025-12-13
121,114,2025-10-06,2025-12-13
122,115,2025-10-06,2025-12-13
123,116,2025-10-06,2025-12-13
124,117,2025-10-06,2025-12-13
125,118,2025-10-06,2025-12-13
126,119,2025-10-06,2025-12-13
127,120,2025-10-06,2025-11-08
128,121,2025-11-10,2025-12-13
129,122,2025-10-06,2025-11-08
130,123,2025-11-10,2025-12-13
131,124,2025-10-06,2025-12-13
132,125,2025-10-06,2025-12-13
133,126,2025-10-06,2025-11-08
134,127,2025-11-10,2025-12-13
135,128,2025-11-10,2025-12-13
136,129,2025-10-06,2025-11-08
137,130,2025-11-10,2025-12-13
138,131,2025-10-06,2025-11-08
139,132,2025-11-10,2025-12-13
140,133,2025-10-06,2025-11-08
141,134,2025-11-24,2025-12-13
142,135,2025-10-06,2025-11-22
143,136,2025-10-06,2025-10-11
144,136,2025-10-20,2025-10-25
145,137,2025-10-13,2025-10-18
146,137,2025-10-27,2025-12-13
147,138,2025-10-27,2025-11-01
148,138,2025-11-10,2025-11-15
149,139,2025-10-06,2025-10-25
150,139,2025-11-03,2025-11-08
151,139,2025-11-17,2025-12-13
152,140,2025-11-17,2025-11-22
153,140,2025-12-01,2025-12-06
154,141,2025-10-06,2025-11-15
155,141,2025-11-24,2025-11-29
156,141,2025-12-08,2025-12-13
157,142,2025-10-06,2025-12-13
158,143,2025-10-06,2025-12-13
159,144,2025-10-06,2025-12-13
160,145,2025-10-06,2025-12-13
161,146,2025-10-06,2025-12-13
162,147,2025-10-06,2025-12-13
163,148,2025-10-06,2025-12-13
164,149,2025-10-06,2025-12-13
165,150,2025-10-06,2025-12-13
166,151,2025-10-06,2025-12-13
167,152,2025-10-06,2025-12-13
168,153,2025-11-10,2025-11-22
169,154,2025-11-10,2025-11-22
170,155,2025-10-06,2025-11-08
171,155,2025-11-24,2025-12-13
172,156,2025-10-06,2025-11-08
173,156,2025-11-24,2025-12-13
174,157,2025-10-06,2025-12-13
175,158,2025-10-06,2025-11-08
176,159,2025-11-10,2025-12-13
177,160,2025-10-06,2025-12-13
178,161,2025-11-10,2025-12-13
179,162,2025-10-06,2025-11-08
180,163,2025-11-10,2025-12-13
181,164,2025-10-06,2025-11-08
182,165,2025-10-06,2025-12-13
183,166,2025-10-06,2025-11-22
184,167,2025-11-24,2025-12-13
185,168,2025-10-06,2025-12-13
186,169,2025-10-06,2025-12-13
187,170,2025-11-10,2025-12-13
188,171,2025-10-06,2025-11-08
189,172,2025-10-06,2025-11-08
190,173,2025-11-10,2025-12-13
191,174,2025-10-06,2025-12-13
192,175,2025-10-06,2025-11-08
193,176,2025-11-10,2025-12-13
194,177,2025-10-06,2025-12-13
195,178,2025-10-06,2025-12-13
196,179,2025-11-10,2025-12-13
197,180,2025-10-06,2025-11-08
198,181,2025-10-06,2025-12-13
199,182,2025-10-06,2025-12-13
200,183,2025-10-06,2025-12-13
201,184,2025-10-06,2025-12-13
202,185,2025-10-06,2025-12-13
203,186,2025-10-06,2025-12-13
204,187,2025-10-06,2025-12-13
205,188,2025-10-06,2025-12-13
206,189,2025-10-06,2025-12-13
207,190,2025-10-06,2025-12-13
208,191,2025-10-06,2025-12-13
209,192,2025-10-06,2025-12-13
210,193,2025-10-06,2025-12-13
211,194,2025-10-06,2025-12-13
212,195,2025-10-06,2025-12-13
213,196,2025-10-06,2025-12-13
214,197,2025-10-06,2025-12-13
215,198,2025-10-06,2025-12-13
216,199,2025-10-06,2025-12-13
217,200,2025-10-06,2025-12-13
218,201,2025-10-06,2025-12-13
219,202,2025-10-06,2025-12-13
220,203,2025-10-06,2025-11-08
221,204,2025-11-10,2025-12-13
222,205,2025-10-06,2025-12-13
223,206,2025-10-06,2025-12-13
224,207,2025-10-06,2025-12-13
225,208,2025-10-06,2025-12-13
226,209,2025-11-10,2025-12-13
227,210,2025-10-06,2025-11-08
228,211,2025-11-10,2025-12-13
229,212,2025-10-06,2025-11-08
230,213,2025-11-10,2025-12-13
231,214,2025-10-06,2025-11-08
232,215,2025-10-06,2025-12-13
233,216,2025-10-06,2025-12-13
